files_evaluated,total_games,total_solved,solve_rate,timeout_rate,mse_mean,proposed_plan_length_mean,solved_plan_length_mean,solved_plan_length_p50,solved_plan_length_p90,avg_replan_count,avg_box_push_count,partial_progress_unsolved_mean,split_name
1,50,24,0.48,0.589010989010989,5.265823245665589,70.49362637362637,45.166666666666664,44.0,69.3,10.674725274725274,18.54945054945055,0.47115384615384615,unfiltered_test
5,100,58,0.58,0.5747288631718936,4.956063049752017,70.52949180435988,41.305128205128206,41.1,55.5,9.995364080951637,16.30969359927969,0.5305555555555556,unfiltered_valid_5files
10,100,69,0.69,0.620862694644415,4.836678409135425,74.11943108287151,43.658928571428575,40.55,63.46,10.837447544690958,17.02348417155731,0.5495833333333333,unfiltered_train_10files
5,100,4,0.04,0.6564458631810021,6.376812801164408,73.80801864485538,56.166666666666664,nan,nan,12.122721697585769,16.152213114709507,0.4450292397660819,medium_valid_5files
5,50,0,0.0,0.6580780734026636,6.675135107073061,74.05421558150758,nan,nan,nan,12.721695379575676,15.878464332407441,0.44000000000000006,medium_train_5files
4,40,0,0.0,0.6794536457255287,6.587715291236039,73.65964845513814,nan,nan,nan,12.821753583634662,16.316195924209183,0.4,hard_all
