files_evaluated,total_games,total_solved,solve_rate,timeout_rate,mse_mean,proposed_plan_length_mean,solved_plan_length_mean,solved_plan_length_p50,solved_plan_length_p90,avg_replan_count,avg_box_push_count,partial_progress_unsolved_mean,split_name
1,50,24,0.48,0.5032175032175032,5.549430500509015,61.324753324753324,44.541666666666664,45.0,62.199999999999996,8.898326898326898,14.391248391248391,0.4423076923076923,unfiltered_test
5,100,54,0.54,0.5614907864436338,5.406413556495571,68.16999499968662,42.10545454545455,41.5,60.2,10.093226002084155,14.085168628042037,0.45888888888888896,unfiltered_valid_5files
10,100,50,0.5,0.6359856813652909,5.741709422334653,74.02342574951652,47.199285714285715,45.9,64.72,11.594343488179263,13.961777135167527,0.39499999999999996,unfiltered_train_10files
5,100,9,0.09,0.6875048164436242,6.241269389033578,76.18064935641208,46.04166666666667,nan,nan,13.116913278784756,15.05739302211541,0.4337538699690403,medium_valid_5files
5,50,3,0.06,0.6871091737381958,6.625301624740189,75.22377331990327,56.333333333333336,nan,nan,12.757837777117945,18.91459049986677,0.4211111111111111,medium_train_5files
4,40,0,0.0,0.6735546587792354,6.594478199846301,74.11745066338467,nan,nan,nan,13.32894400492141,16.72801889079674,0.42499999999999993,hard_all
