files_evaluated,total_games,total_solved,solve_rate,timeout_rate,mse_mean,proposed_plan_length_mean,solved_plan_length_mean,solved_plan_length_p50,solved_plan_length_p90,avg_replan_count,avg_box_push_count,partial_progress_unsolved_mean,split_name
1,50,4,0.08,0.7638458130261409,8.4591513501524,82.38236597252991,45.25,45.0,50.1,16.40097474523704,5.5702259636685865,0.17391304347826086,unfiltered_test
5,100,2,0.02,0.7850245154558531,8.794194539463497,82.91423115354175,44.5,nan,nan,17.262308824967683,4.336741064561724,0.1525,unfiltered_valid_5files
10,100,2,0.02,0.8274593351293712,8.838857843698023,86.39976982546393,64.5,nan,nan,17.8619396461256,4.79079455058242,0.1322222222222222,unfiltered_train_10files
5,100,0,0.0,0.7306030644942332,8.855485596367542,78.395221945634,nan,nan,nan,16.04025811986333,5.681380696978381,0.13499999999999998,medium_valid_5files
5,50,0,0.0,0.8031448381035704,8.864916442689514,84.77153367418417,nan,nan,nan,17.569450103896415,5.86094726203878,0.16,medium_train_5files
4,40,0,0.0,0.7774312591507396,8.630186495380332,81.95710471779053,nan,nan,nan,17.031157282028914,5.009741349891861,0.15625,hard_all
