files_evaluated,total_games,total_solved,solve_rate,timeout_rate,mse_mean,proposed_plan_length_mean,solved_plan_length_mean,solved_plan_length_p50,solved_plan_length_p90,avg_replan_count,avg_box_push_count,partial_progress_unsolved_mean,split_name
1,50,30,0.6,0.49803750545137376,5.1022740063730225,63.972961186218924,41.766666666666666,36.5,65.00000000000001,8.745311818578282,15.238988225032708,0.4,unfiltered_test
5,100,58,0.58,0.5542866744631368,5.2302482276668165,69.7434001541566,45.3,42.3,63.460000000000015,9.93184000508138,17.152411004739655,0.4225,unfiltered_valid_5files
10,100,52,0.52,0.6108262496172273,5.290518721776869,72.60789241899087,46.01166666666666,44.45,63.25,10.589233747491727,18.354816227473556,0.49196428571428574,unfiltered_train_10files
5,100,8,0.08,0.7638856087411279,6.376900866428628,82.09953345713235,53.083333333333336,nan,nan,13.905414026621614,17.197034477089222,0.4398452012383901,medium_valid_5files
5,50,5,0.1,0.7642218070031312,6.226835465997604,81.69249509323538,50.0,nan,nan,14.037835327953285,16.912664217608818,0.45777777777777773,medium_train_5files
4,40,2,0.05,0.7156230519043676,6.63864179102364,78.57456522224602,56.0,nan,nan,13.360337415016398,20.395437270514094,0.39375000000000004,hard_all
